name,start_time,end_time
Michał Popek,17.03.2023 14:00,17.03.2023 15:00
Michał Popek,19.03.2023 14:00,19.03.2023 15:00
Dawid Popek,19.03.2023 16:00,19.03.2023 17:00
Michał Najman,20.03.2023 14:00,20.03.2023 15:00
Olek Najman,20.03.2023 17:00,20.03.2023 19:00
Marcin Wiśniewski,21.03.2023 17:00,21.03.2023 18:00
Tadeusz Stockinger,21.03.2023 11:00,21.03.2023 12:30
Robert Brzozowski,22.03.2023 12:30,22.03.2023 14:00
Norman Dudziuk,24.03.2023 16:30,24.03.2023 17:00
Norman Dudziuk,25.03.2023 14:00,25.03.2023 14:30
Paweł Gulczyński,26.03.2023 12:00,26.03.2023 13:30
Mieczysław Okniński,26.03.2023 13:30,26.03.2023 14:00
